variable,x,y
annual_precipitation,0.7235277178188299,0.24949199126783334
precipitation_in_coldest_quarter,0.6478935390678029,-1.2810989353469606
precipitation_of_coldest_quarter,0.647893539067803,-1.2810989353469617
precipitation_of_wettest_quarter,0.705864975257935,1.1627378794707814
precipitation_wettest_month,0.7017422216152724,1.2033127273045685
