variable,x,y
annual_mean_temperature,1.4613837470906363,0.22058182569442075
temperature_seasonality,1.9140032169439622,0.36572209436639724
minimum_temperature_coldest_month,0.14771128619913165,-0.17603735049640415
