variable,x,y
annual_precipitation,-0.19970280644347815,0.3401010829781558
precipitation_of_wettest_quarter,0.10466341870306714,1.648298081320094
precipitation_of_coldest_quarter,0.615056877923401,-1.7899850690911814
