PC1,PC2,PC3,PC4,PC5,PC6,variable,display_PCx_oriented,display_PCy_oriented
-0.38573381873517026,-0.5024089423862952,0.0882327302777683,0.5845534988362545,-0.026763183942124697,0.4985886079580746,annual_mean_temperature,0.5845534988362545,0.0882327302777683
0.425596377219426,0.2958281445756271,0.1462888377465589,0.7656012867775849,-0.17457082106529956,-0.30550402066502613,temperature_seasonality,0.7656012867775849,0.1462888377465589
-0.4419153573879493,-0.38405532805284626,-0.07041494019856166,0.059084514479652656,-0.1399386252682304,-0.7932088371938855,minimum_temperature_coldest_month,0.059084514479652656,-0.07041494019856166
-0.41864590623577497,0.4334057163585914,0.1360404331912623,-0.07988112257739126,-0.7694759866543454,0.14111627466367577,annual_precipitation,-0.07988112257739126,0.1360404331912623
-0.4042558692686369,0.35512668983108103,0.6593192325280376,0.04186536748122686,0.515127137153923,-0.09301451243425721,precipitation_of_wettest_quarter,0.04186536748122686,0.6593192325280376
-0.36891836365278624,0.4456646583236796,-0.7159940276364726,0.2460227511693604,0.302946662146705,0.018191521957214112,precipitation_of_coldest_quarter,0.2460227511693604,-0.7159940276364726
