variable,x,y
annual_mean_temperature,0.7515799749121239,0.09044735907193541
maximum_temperature_warmest_month,0.2451178026794225,-0.12276212241217145
mean_temperature_coldest_quarter,0.8204012040024949,0.022879645027178156
mean_temperature_driest_quarter,0.767874964679029,-0.2807037569128217
minimum_temperature_coldest_month,0.8416858171337199,-0.05045101903351554
temperature_annual_range,-0.8148121693698228,-0.002880709283412745
temperature_seasonality,-0.7976771764421828,-0.01676130598548565
